<?xml version="1.0" encoding="UTF-8"?>
<!DOCTYPE mapper PUBLIC "-//mybatis.org//DTD Mapper 3.0//EN" "http://mybatis.org/dtd/mybatis-3-mapper.dtd">
<mapper namespace="com.qf.qf.v4.search.service.mapper.TProductResultMapper">
  <resultMap id="BaseResultMap" type="com.qf.v4.api.entity.TProductResult">

    <id column="id" jdbcType="BIGINT" property="id" />
    <result column="t_name" jdbcType="VARCHAR" property="tName" />
    <result column="t_price" jdbcType="DECIMAL" property="tPrice" />
    <result column="t_image" jdbcType="VARCHAR" property="tImage" />
    <result column="t_sale_point" jdbcType="VARCHAR" property="salePoint" />
    <result column="t_product_desc" jdbcType="VARCHAR" property="productDesc" />


  </resultMap>
  <select id="selectList" resultMap="BaseResultMap">
     SELECT
          a.`id` ,
          a.name AS t_name,
          a.price AS t_price,
          a.`sale_point` AS t_sale_point,
          b.`product_desc` AS t_product_desc,
          a.`image` AS t_image
     FROM
          c_product AS a
          LEFT JOIN c_product_desc AS b
          ON a.id = b.pid
  </select>


</mapper>
