<?xml version="1.0" encoding="UTF-8" ?>
<!DOCTYPE mapper PUBLIC "-//mybatis.org//DTD Mapper 3.0//EN" "http://mybatis.org/dtd/mybatis-3-mapper.dtd" >
<mapper namespace="com.qf.mapper.TProductDescMapper" >
  <resultMap id="BaseResultMap" type="com.qf.entity.TProduct" >
    <constructor >
      <idArg column="id" jdbcType="BIGINT" javaType="java.lang.Long" />
      <arg column="pid" jdbcType="BIGINT" javaType="java.lang.Long" />
    </constructor>
  </resultMap>
  <resultMap id="ResultMapWithBLOBs" type="com.qf.entity.TProductDesc" >
    <constructor >
      <idArg column="id" jdbcType="BIGINT" javaType="java.lang.Long" />
      <arg column="pid" jdbcType="BIGINT" javaType="java.lang.Long" />
      <arg column="product_desc" jdbcType="LONGVARCHAR" javaType="java.lang.String" />
    </constructor>
  </resultMap>
  <sql id="Base_Column_List" >
    id, pid
  </sql>
  <sql id="Blob_Column_List" >
    product_desc
  </sql>
  <select id="selectByPrimaryKey" resultMap="ResultMapWithBLOBs" parameterType="java.lang.Long" >
    select 
    <include refid="Base_Column_List" />
    ,
    <include refid="Blob_Column_List" />
    from c_product_desc
    where id = #{id,jdbcType=BIGINT}
  </select>
  <delete id="deleteByPrimaryKey" parameterType="java.lang.Long" >
    delete from c_product_desc
    where id = #{id,jdbcType=BIGINT}
  </delete>
  <insert id="insert" parameterType="com.qf.entity.TProductDesc" >
    insert into c_product_desc (id, pid, product_desc
      )
    values (#{id,jdbcType=BIGINT}, #{pid,jdbcType=BIGINT}, #{productDesc,jdbcType=LONGVARCHAR}
      )
  </insert>
  <insert id="insertSelective" parameterType="com.qf.entity.TProductDesc" >
    insert into c_product_desc
    <trim prefix="(" suffix=")" suffixOverrides="," >
      <if test="id != null" >
        id,
      </if>
      <if test="pid != null" >
        pid,
      </if>
      <if test="productDesc != null" >
        product_desc,
      </if>
    </trim>
    <trim prefix="values (" suffix=")" suffixOverrides="," >
      <if test="id != null" >
        #{id,jdbcType=BIGINT},
      </if>
      <if test="pid != null" >
        #{pid,jdbcType=BIGINT},
      </if>
      <if test="productDesc != null" >
        #{productDesc,jdbcType=LONGVARCHAR},
      </if>
    </trim>
  </insert>
  <update id="updateById" parameterType="com.qf.entity.TProductDesc" >
    update c_product_desc
    <set >
      <if test="pid != null" >
        pid = #{pid,jdbcType=BIGINT},
      </if>
      <if test="productDesc != null" >
        product_desc = #{productDesc,jdbcType=LONGVARCHAR},
      </if>
    </set>
    where id = #{id,jdbcType=BIGINT}
  </update>
  <update id="updateByPrimaryKeyWithBLOBs" parameterType="com.qf.entity.TProductDesc" >
    update c_product_desc
    set pid = #{pid,jdbcType=BIGINT},
      product_desc = #{productDesc,jdbcType=LONGVARCHAR}
    where id = #{id,jdbcType=BIGINT}
  </update>
  <update id="updateByPrimaryKey" parameterType="com.qf.entity.TProductDesc" >
    update c_product_desc
    set pid = #{pid,jdbcType=BIGINT}
    where id = #{id,jdbcType=BIGINT}
  </update>
</mapper>