<?xml version="1.0" encoding="UTF-8" ?>
<!DOCTYPE mapper PUBLIC "-//mybatis.org//DTD Mapper 3.0//EN" "http://mybatis.org/dtd/mybatis-3-mapper.dtd" >
<mapper namespace="com.qf.mapper.TProductDetailsMapper">
  <resultMap id="BaseResultMap" type="com.qf.entity.TProductDetails">
    <constructor >
      <arg column="model" jdbcType="VARCHAR" javaType="java.lang.String" />
      <arg column="specs" jdbcType="VARCHAR" javaType="java.lang.String" />
      <arg column="voltage" jdbcType="BIGINT" javaType="java.lang.Long" />
      <arg column="section" jdbcType="BIGINT" javaType="java.lang.Long" />
      <arg column="pid" jdbcType="BIGINT" javaType="java.lang.Long" />
    </constructor>
  </resultMap>

  <update id="updateById" parameterType="com.qf.entity.TProductDetails" >
    update c_product_details
    <set >
      <if test="model != null" >
        model = #{model,jdbcType=VARCHAR},
      </if>
      <if test="specs != null" >
        specs =  #{specs,jdbcType=VARCHAR},
      </if>
      <if test="voltage != null" >
        voltage =  #{voltage,jdbcType=BIGINT},
      </if>
      <if test="section != null" >
        section = #{section,jdbcType=BIGINT},
      </if>
    </set>
    where pid = #{pid,jdbcType=INTEGER}
  </update>


    <select id="List" parameterType="com.qf.entity.TProductDetails" resultMap="BaseResultMap">
        select
        model,specs,voltage,`section`,pid
        from c_product_details
    </select>
  <insert id="insert" parameterType="com.qf.entity.TProductDetails" >
    insert into c_product_details (model, specs, voltage, 
      section, pid)
    values (#{model,jdbcType=VARCHAR}, #{specs,jdbcType=VARCHAR}, #{voltage,jdbcType=BIGINT}, 
      #{section,jdbcType=BIGINT}, #{pid,jdbcType=INTEGER})
  </insert>
  <insert id="insertSelective" parameterType="com.qf.entity.TProductDetails" >
    insert into c_product_details
    <trim prefix="(" suffix=")" suffixOverrides="," >
      <if test="model != null" >
        model,
      </if>
      <if test="specs != null" >
        specs,
      </if>
      <if test="voltage != null" >
        voltage,
      </if>
      <if test="section != null" >
        `section`,
      </if>
      <if test="pid != null" >
        pid,
      </if>
    </trim>
    <trim prefix="values (" suffix=")" suffixOverrides="," >
      <if test="model != null" >
        #{model,jdbcType=VARCHAR},
      </if>
      <if test="specs != null" >
        #{specs,jdbcType=VARCHAR},
      </if>
      <if test="voltage != null" >
        #{voltage,jdbcType=BIGINT},
      </if>
      <if test="section != null" >
        #{section,jdbcType=BIGINT},
      </if>
      <if test="pid != null" >
        #{pid,jdbcType=INTEGER},
      </if>
    </trim>
  </insert>
</mapper>