<?xml version="1.0" encoding="UTF-8"?>
<!DOCTYPE mapper PUBLIC "-//mybatis.org//DTD Mapper 3.0//EN" "http://mybatis.org/dtd/mybatis-3-mapper.dtd">
<mapper namespace="com.qf.mapper.TProductTypeMapper">
  <resultMap id="BaseResultMap" type="com.qf.entity.TProductType">
    <id column="id" jdbcType="BIGINT" property="id" />
    <result column="name" jdbcType="VARCHAR" property="name" />
    <result column="pid" jdbcType="BIGINT" property="pid" />
    <result column="flag" jdbcType="TINYINT" property="flag" />
    <result column="create_time" jdbcType="TIMESTAMP" property="createTime" />
    <result column="update_time" jdbcType="TIMESTAMP" property="updateTime" />
    <result column="create_user" jdbcType="BIGINT" property="createUser" />
    <result column="update_user" jdbcType="BIGINT" property="updateUser" />
  </resultMap>
  <sql id="Base_Column_List">
    id, name, pid, flag, create_time, update_time, create_user, update_user
  </sql>

  <!--查询无级分类list-->
  <select id="selectList"  resultMap="BaseResultMap">
    select
    <include refid="Base_Column_List" />
    from category_table
    where flag = 1
  </select>


  <select id="selectByPrimaryKey" parameterType="java.lang.Long" resultMap="BaseResultMap">
    select 
    <include refid="Base_Column_List" />
    from category_table
    where id = #{id,jdbcType=BIGINT}
  </select>
  <delete id="deleteByPrimaryKey" parameterType="java.lang.Long">
    delete from t_product_type
    where id = #{id,jdbcType=BIGINT}
  </delete>
  <insert id="insert" parameterType="com.qf.entity.TProductType">
    insert into category_table (id, name, pid,
      flag, create_time, update_time, 
      create_user, update_user)
    values (#{id,jdbcType=BIGINT}, #{name,jdbcType=VARCHAR}, #{pid,jdbcType=BIGINT}, 
      #{flag,jdbcType=TINYINT}, #{createTime,jdbcType=TIMESTAMP}, #{updateTime,jdbcType=TIMESTAMP}, 
      #{createUser,jdbcType=BIGINT}, #{updateUser,jdbcType=BIGINT})
  </insert>
  <insert id="insertSelective" parameterType="com.qf.entity.TProductType">
    insert into category_table
    <trim prefix="(" suffix=")" suffixOverrides=",">
      <if test="id != null">
        id,
      </if>
      <if test="name != null">
        name,
      </if>
      <if test="pid != null">
        pid,
      </if>
      <if test="flag != null">
        flag,
      </if>
      <if test="createTime != null">
        create_time,
      </if>
      <if test="updateTime != null">
        update_time,
      </if>
      <if test="createUser != null">
        create_user,
      </if>
      <if test="updateUser != null">
        update_user,
      </if>
    </trim>
    <trim prefix="values (" suffix=")" suffixOverrides=",">
      <if test="id != null">
        #{id,jdbcType=BIGINT},
      </if>
      <if test="name != null">
        #{name,jdbcType=VARCHAR},
      </if>
      <if test="pid != null">
        #{pid,jdbcType=BIGINT},
      </if>
      <if test="flag != null">
        #{flag,jdbcType=TINYINT},
      </if>
      <if test="createTime != null">
        #{createTime,jdbcType=TIMESTAMP},
      </if>
      <if test="updateTime != null">
        #{updateTime,jdbcType=TIMESTAMP},
      </if>
      <if test="createUser != null">
        #{createUser,jdbcType=BIGINT},
      </if>
      <if test="updateUser != null">
        #{updateUser,jdbcType=BIGINT},
      </if>
    </trim>
  </insert>
  <update id="updateByPrimaryKeySelective" parameterType="com.qf.entity.TProductType">
    update category_table
    <set>
      <if test="name != null">
        name = #{name,jdbcType=VARCHAR},
      </if>
      <if test="pid != null">
        pid = #{pid,jdbcType=BIGINT},
      </if>
      <if test="flag != null">
        flag = #{flag,jdbcType=TINYINT},
      </if>
      <if test="createTime != null">
        create_time = #{createTime,jdbcType=TIMESTAMP},
      </if>
      <if test="updateTime != null">
        update_time = #{updateTime,jdbcType=TIMESTAMP},
      </if>
      <if test="createUser != null">
        create_user = #{createUser,jdbcType=BIGINT},
      </if>
      <if test="updateUser != null">
        update_user = #{updateUser,jdbcType=BIGINT},
      </if>
    </set>
    where id = #{id,jdbcType=BIGINT}
  </update>
  <update id="updateByPrimaryKey" parameterType="com.qf.entity.TProductType">
    update category_table
    set name = #{name,jdbcType=VARCHAR},
      pid = #{pid,jdbcType=BIGINT},
      flag = #{flag,jdbcType=TINYINT},
      create_time = #{createTime,jdbcType=TIMESTAMP},
      update_time = #{updateTime,jdbcType=TIMESTAMP},
      create_user = #{createUser,jdbcType=BIGINT},
      update_user = #{updateUser,jdbcType=BIGINT}
    where id = #{id,jdbcType=BIGINT}
  </update>
</mapper>