<?xml version="1.0" encoding="UTF-8"?>
<!DOCTYPE mapper PUBLIC "-//mybatis.org//DTD Mapper 3.0//EN" "http://mybatis.org/dtd/mybatis-3-mapper.dtd">
<mapper namespace="com.qf.mapper.TProductMapper">
  <resultMap id="BaseResultMap" type="com.qf.entity.TProduct">
    <id column="id" jdbcType="BIGINT" property="id" />
    <result column="name" jdbcType="VARCHAR" property="name" />
    <result column="price" jdbcType="DECIMAL" property="price" />
    <result column="image" jdbcType="VARCHAR" property="image" />
    <result column="type_id" jdbcType="BIGINT" property="typeId" />
    <result column="type_name" jdbcType="VARCHAR" property="typeName" />
    <result column="sale_point" jdbcType="VARCHAR" property="salePoint" />
    <result column="sale_price" jdbcType="DECIMAL" property="salePrice" />
    <result column="flag" jdbcType="TINYINT" property="flag" />
    <result column="create_time" jdbcType="TIMESTAMP" property="createTime" />
    <result column="update_time" jdbcType="TIMESTAMP" property="updateTime" />
    <result column="create_user" jdbcType="BIGINT" property="createUser" />
    <result column="update_user" jdbcType="BIGINT" property="updateUser" />
  </resultMap>
  <sql id="Base_Column_List">
    id, name, price, image, type_id, type_name, sale_point, sale_price, flag, create_time,
    update_time, create_user, update_user
  </sql>

  <!--获取商品的所有信息-->
  <select id="List" resultMap="BaseResultMap" parameterType="java.lang.Long" >
    select
    <include refid="Base_Column_List" />
    from c_product
    where flag=1
  </select>

  <select id="selectProducts" resultMap="BaseResultMap">
    select
    <include refid="Base_Column_List" />
    from c_product
    where flag=1
  </select>


  <select id="selectByPrimaryKey" parameterType="java.lang.Long" resultMap="BaseResultMap">
    select
    <include refid="Base_Column_List" />
    from c_product
    where id = #{id,jdbcType=BIGINT}
  </select>
  <delete id="deleteByPrimaryKey" parameterType="java.lang.Long">
    delete from c_product
    where id = #{id,jdbcType=BIGINT}
  </delete>
  <insert id="insert" parameterType="com.qf.entity.TProduct">
    insert into c_product (id, name, price,
      image, type_id, type_name,
      sale_point, sale_price, flag,
      create_time, update_time, create_user,
      update_user)
    values (#{id,jdbcType=BIGINT}, #{name,jdbcType=VARCHAR}, #{price,jdbcType=DECIMAL},
      (#{image,jdbcType=VARCHAR}), #{typeId,jdbcType=BIGINT}, #{typeName,jdbcType=VARCHAR},
      #{salePoint,jdbcType=VARCHAR}, #{salePrice,jdbcType=DECIMAL},
      1,now(),now(),1,1)
  </insert>
  <!--需要获得回显id-->
  <insert id="insertSelective" parameterType="com.qf.entity.TProduct" useGeneratedKeys="true" keyProperty="id">
    insert into c_product
    <trim prefix="(" suffix=")" suffixOverrides=",">
      <if test="id != null">
        id,
      </if>
      <if test="name != null">
        name,
      </if>
      <if test="price != null">
        price,
      </if>
      <if test="image != null">
        image,
      </if>
      <if test="typeId != null">
        type_id,
      </if>
      <if test="typeName != null">
        type_name,
      </if>
      <if test="salePoint != null">
        sale_point,
      </if>
      <if test="salePrice != null">
        sale_price,
      </if>
      flag,
      create_time,
      update_time,
      create_user,
      update_user,
    </trim>
    <trim prefix="values (" suffix=")" suffixOverrides=",">
      <if test="id != null">
        #{id,jdbcType=BIGINT},
      </if>
      <if test="name != null">
        #{name,jdbcType=VARCHAR},
      </if>
      <if test="price != null">
        #{price,jdbcType=DECIMAL},
      </if>
      <if test="image != null">
        #{image,jdbcType=VARCHAR},
      </if>
      <if test="typeId != null">
        #{typeId,jdbcType=BIGINT},
      </if>
      <if test="typeName != null">
        #{typeName,jdbcType=VARCHAR},
      </if>
      <if test="salePoint != null">
        #{salePoint,jdbcType=VARCHAR},
      </if>
      <if test="salePrice != null">
        #{salePrice,jdbcType=DECIMAL},
      </if>
      1,
      now(),
      now(),
      1,
      1
    </trim>
  </insert>
  <update id="updateById" parameterType="com.qf.entity.TProduct" useGeneratedKeys="true" keyProperty="id">
    update c_product
    <set>
      <if test="name != null">
        name = #{name,jdbcType=VARCHAR},
      </if>
      <if test="price != null">
        price = #{price,jdbcType=DECIMAL},
      </if>
      <if test="image != null">
        image = #{image,jdbcType=VARCHAR},
      </if>
      <if test="typeId != null">
        type_id = #{typeId,jdbcType=BIGINT},
      </if>
      <if test="typeName != null">
        type_name = #{typeName,jdbcType=VARCHAR},
      </if>
      <if test="salePoint != null">
        sale_point = #{salePoint,jdbcType=VARCHAR},
      </if>
      <if test="salePrice != null">
        sale_price = #{salePrice,jdbcType=DECIMAL},
      </if>
      flag = 1,
      create_time = now(),
      update_time = now(),
      create_user = 1,
      update_user = 1,
    </set>
    where id = #{id,jdbcType=BIGINT}
  </update>
  <update id="updateByPrimaryKey" parameterType="com.qf.entity.TProduct">
    update c_product
    set name = #{name,jdbcType=VARCHAR},
      price = #{price,jdbcType=DECIMAL},
      image = #{image,jdbcType=VARCHAR},
      type_id = #{typeId,jdbcType=BIGINT},
      type_name = #{typeName,jdbcType=VARCHAR},
      sale_point = #{salePoint,jdbcType=VARCHAR},
      sale_price = #{salePrice,jdbcType=DECIMAL},
      1,
      now(),
      now(),
      1,
      1
    where id = #{id,jdbcType=BIGINT}
  </update>
</mapper>
