<?xml version="1.0" encoding="UTF-8"?>
<!DOCTYPE mapper PUBLIC "-//mybatis.org//DTD Mapper 3.0//EN" "http://mybatis.org/dtd/mybatis-3-mapper.dtd">
<mapper namespace="com.qf.mapper.TUserMapper">
  <resultMap id="BaseResultMap" type="com.qf.entity.TUser">
    <id column="id" jdbcType="BIGINT" property="id" />
    <result column="username" jdbcType="VARCHAR" property="username" />
    <result column="password" jdbcType="CHAR" property="password" />
    <result column="email" jdbcType="VARCHAR" property="email" />
    <result column="phone" jdbcType="VARCHAR" property="phone" />
    <result column="status" jdbcType="BIT" property="status" />
    <result column="flag" jdbcType="BIT" property="flag" />
    <result column="create_time" jdbcType="TIMESTAMP" property="createTime" />
    <result column="update_time" jdbcType="TIMESTAMP" property="updateTime" />
    <result column="create_user" jdbcType="BIGINT" property="createUser" />
    <result column="update_user" jdbcType="BIGINT" property="updateUser" />
  </resultMap>
  <sql id="Base_Column_List">
    id, username, password, email, phone, status, flag, create_time, update_time, create_user,
    update_user
  </sql>
  <select id="selectByPrimaryKey" parameterType="java.lang.Long" resultMap="BaseResultMap">
    select
    <include refid="Base_Column_List" />
    from c_user
    where id = #{id,jdbcType=BIGINT}
    </select>

<!--查询用户是否存在后再验证密码-->
  <select id="selectByUsername" parameterType="java.lang.String" resultMap="BaseResultMap">
    select
    <include refid="Base_Column_List" />
    from c_user
    where username = #{username,jdbcType=VARCHAR} OR email = #{username,jdbcType=VARCHAR} OR phone = #{username,jdbcType=VARCHAR}
  </select>



  <delete id="deleteByPrimaryKey" parameterType="java.lang.Long">
    delete from c_user
    where id = #{id,jdbcType=BIGINT}
  </delete>
  <insert id="insert" parameterType="com.qf.entity.TUser">
    insert into t_user (id, username, password,
      email, phone, status, flag,
      create_time, update_time, create_user,
      update_user)
    values (#{id,jdbcType=BIGINT}, #{username,jdbcType=VARCHAR}, #{password,jdbcType=CHAR},
      #{email,jdbcType=VARCHAR}, #{phone,jdbcType=VARCHAR}, #{status,jdbcType=BIT}, #{flag,jdbcType=BIT},
      #{createTime,jdbcType=TIMESTAMP}, #{updateTime,jdbcType=TIMESTAMP}, #{createUser,jdbcType=BIGINT},
      #{updateUser,jdbcType=BIGINT})
  </insert>
  <insert id="insertSelective" parameterType="com.qf.entity.TUser" useGeneratedKeys="true" keyProperty="id">
    insert into c_user
    <trim prefix="(" suffix=")" suffixOverrides=",">
      <if test="id != null">
        id,
      </if>
      <if test="username != null">
        username,
      </if>
      <if test="password != null">
        password,
      </if>
      <if test="email != null">
        email,
      </if>
      <if test="phone != null">
        phone,
      </if>

        status,

      flag,create_time,update_time,create_user,update_user,
    </trim>
    <trim prefix="values (" suffix=")" suffixOverrides=",">
      <if test="id != null">
        #{id,jdbcType=BIGINT},
      </if>
      <if test="username != null">
        #{username,jdbcType=VARCHAR},
      </if>
      <if test="password != null">
        #{password,jdbcType=CHAR},
      </if>
      <if test="email != null">
        #{email,jdbcType=VARCHAR},
      </if>
      <if test="phone != null">
        #{phone,jdbcType=VARCHAR},
      </if>
      1,
      1,
      now(),
      now(),
      1,1
    </trim>
  </insert>
  <update id="updateByPrimaryKeySelective" parameterType="com.qf.entity.TUser">
    update c_user
    <set>
      <if test="username != null">
        username = #{username,jdbcType=VARCHAR},
      </if>
      <if test="password != null">
        password = #{password,jdbcType=CHAR},
      </if>
      <if test="email != null">
        email = #{email,jdbcType=VARCHAR},
      </if>
      <if test="phone != null">
        phone = #{phone,jdbcType=VARCHAR},
      </if>
      <if test="status != null">
        status = #{status,jdbcType=BIT},
      </if>
      <if test="flag != null">
        flag = #{flag,jdbcType=BIT},
      </if>
      <if test="createTime != null">
        create_time = #{createTime,jdbcType=TIMESTAMP},
      </if>
      <if test="updateTime != null">
        update_time = #{updateTime,jdbcType=TIMESTAMP},
      </if>
      <if test="createUser != null">
        create_user = #{createUser,jdbcType=BIGINT},
      </if>
      <if test="updateUser != null">
        update_user = #{updateUser,jdbcType=BIGINT},
      </if>
    </set>
    where id = #{id,jdbcType=BIGINT}
  </update>
  <update id="updateByPrimaryKey" parameterType="com.qf.entity.TUser">
    update c_user
    set username = #{username,jdbcType=VARCHAR},
      password = #{password,jdbcType=CHAR},
      email = #{email,jdbcType=VARCHAR},
      phone = #{phone,jdbcType=VARCHAR},
      status = #{status,jdbcType=BIT},
      flag = #{flag,jdbcType=BIT},
      create_time = #{createTime,jdbcType=TIMESTAMP},
      update_time = #{updateTime,jdbcType=TIMESTAMP},
      create_user = #{createUser,jdbcType=BIGINT},
      update_user = #{updateUser,jdbcType=BIGINT}
    where id = #{id,jdbcType=BIGINT}
  </update>

  <!--添加未激活用户-->
  <insert id="insertOnUser"  parameterType="com.qf.entity.TUser" useGeneratedKeys="true" keyProperty="id">
    insert into c_user
    <trim prefix="(" suffix=")" suffixOverrides=",">
      <if test="id != null">
        id,
      </if>
      <if test="username != null">
        username,
      </if>
      <if test="password != null">
        password,
      </if>
      <if test="email != null">
        email,
      </if>
      <if test="phone != null">
        phone,
      </if>

      status,

      flag,

      create_time,

      update_time,

      create_user,

      update_user,

    </trim>
    <trim prefix="values (" suffix=")" suffixOverrides=",">
      <if test="id != null">
        #{id,jdbcType=BIGINT},
      </if>
      <if test="username != null">
        #{username,jdbcType=VARCHAR},
      </if>
      <if test="password != null">
        #{password,jdbcType=CHAR},
      </if>
      <if test="email != null">
        #{email,jdbcType=VARCHAR},
      </if>
      <if test="phone != null">
        #{phone,jdbcType=VARCHAR},
      </if>
      1,
      0,
      now(),
      now(),
      1,
      1
    </trim>
  </insert>
<!--激活用户修改flag-->
  <update id="updateByUserId" parameterType="com.qf.entity.TUser" >
    update c_user
    set
      flag = 1
    where id = #{id,jdbcType=BIGINT}
  </update>

  <insert id="smsAddUser" parameterType="com.qf.entity.TUser">

    insert into c_user
    <trim prefix="(" suffix=")" suffixOverrides=",">
      <if test="id != null">
        id,
      </if>
      <if test="username != null">
        username,
      </if>
      <if test="password != null">
        password,
      </if>
      <if test="email != null">
        email,
      </if>
      <if test="phone != null">
        phone,
      </if>

      status,

      flag,

      create_time,

      update_time,

      create_user,

      update_user,

    </trim>
    <trim prefix="values (" suffix=")" suffixOverrides=",">
      <if test="id != null">
        #{id,jdbcType=BIGINT},
      </if>
      <if test="username != null">
        #{username,jdbcType=VARCHAR},
      </if>
      <if test="password != null">
        #{password,jdbcType=CHAR},
      </if>
      <if test="email != null">
        #{email,jdbcType=VARCHAR},
      </if>
      <if test="phone != null">
        #{phone,jdbcType=VARCHAR},
      </if>
      1,
      1,
      now(),
      now(),
      1,
      1
    </trim>

  </insert>
</mapper>
